-- Migration 008: Additional seed data for missing articulation paths
--
-- This migration adds:
-- 1. UC Davis institution and CS courses
-- 2. PCC → UC Berkeley CS articulation agreements
-- 3. De Anza → UC Davis CS articulation agreements
-- 4. Additional prerequisite relationships

-- ============================================================
-- INSTITUTION - UC Davis
-- ============================================================
insert into institutions (id, name, type, state, city, abbreviation) values
  ('b0000000-0000-0000-0000-000000000007', 'University of California, Davis', 'university', 'CA', 'Davis', 'UCD');

-- ============================================================
-- COURSES - UC Davis (University)
-- ============================================================
insert into courses (id, institution_id, code, title, units, description) values
  ('d0000000-0000-0000-0000-000000000040', 'b0000000-0000-0000-0000-000000000007', 'ECS 10', 'Introduction to Programming', 4, 'Programming fundamentals in Python'),
  ('d0000000-0000-0000-0000-000000000041', 'b0000000-0000-0000-0000-000000000007', 'ECS 40', 'Object-Oriented Programming in C++', 4, 'C++ programming and OOP'),
  ('d0000000-0000-0000-0000-000000000042', 'b0000000-0000-0000-0000-000000000007', 'ECS 50', 'Data Structures and Programming', 4, 'Data structures and algorithm design'),
  ('d0000000-0000-0000-0000-000000000043', 'b0000000-0000-0000-0000-000000000007', 'ECS 60', 'Computer Organization', 4, 'Machine-level programming and architecture'),
  ('d0000000-0000-0000-0000-000000000044', 'b0000000-0000-0000-0000-000000000007', 'ECS 122A', 'Algorithm Design and Analysis', 4, 'Design and analysis of algorithms'),
  ('d0000000-0000-0000-0000-000000000045', 'b0000000-0000-0000-0000-000000000007', 'MAT 21A', 'Calculus', 4, 'Single variable calculus'),
  ('d0000000-0000-0000-0000-000000000046', 'b0000000-0000-0000-0000-000000000007', 'MAT 21B', 'Calculus II', 4, 'Integration and applications'),
  ('d0000000-0000-0000-0000-000000000047', 'b0000000-0000-0000-0000-000000000007', 'MAT 21C', 'Multivariable Calculus', 4, 'Calculus of several variables'),
  ('d0000000-0000-0000-0000-000000000048', 'b0000000-0000-0000-0000-000000000007', 'MAT 22A', 'Linear Algebra', 4, 'Matrix theory and linear systems'),
  ('d0000000-0000-0000-0000-000000000049', 'b0000000-0000-0000-0000-000000000007', 'PHY 9A', 'Classical Physics', 4, 'Mechanics and oscillations'),
  ('d0000000-0000-0000-0000-00000000004a', 'b0000000-0000-0000-0000-000000000007', 'PHY 9B', 'Electricity and Magnetism', 4, 'Electromagnetism and waves');

-- ============================================================
-- ARTICULATION AGREEMENTS - PCC to UC Berkeley CS
-- ============================================================
insert into articulation_agreements (cc_course_id, university_course_id, cc_institution_id, university_institution_id, major, effective_year) values
  ('c0000000-0000-0000-0000-000000000020', 'd0000000-0000-0000-0000-000000000030', 'a0000000-0000-0000-0000-000000000003', 'b0000000-0000-0000-0000-000000000004', 'Computer Science', 2024),
  ('c0000000-0000-0000-0000-000000000021', 'd0000000-0000-0000-0000-000000000031', 'a0000000-0000-0000-0000-000000000003', 'b0000000-0000-0000-0000-000000000004', 'Computer Science', 2024),
  ('c0000000-0000-0000-0000-000000000022', 'd0000000-0000-0000-0000-000000000032', 'a0000000-0000-0000-0000-000000000003', 'b0000000-0000-0000-0000-000000000004', 'Computer Science', 2024),
  ('c0000000-0000-0000-0000-000000000024', 'd0000000-0000-0000-0000-000000000033', 'a0000000-0000-0000-0000-000000000003', 'b0000000-0000-0000-0000-000000000004', 'Computer Science', 2024),
  ('c0000000-0000-0000-0000-000000000025', 'd0000000-0000-0000-0000-000000000034', 'a0000000-0000-0000-0000-000000000003', 'b0000000-0000-0000-0000-000000000004', 'Computer Science', 2024),
  ('c0000000-0000-0000-0000-000000000026', 'd0000000-0000-0000-0000-000000000036', 'a0000000-0000-0000-0000-000000000003', 'b0000000-0000-0000-0000-000000000004', 'Computer Science', 2024),
  ('c0000000-0000-0000-0000-000000000027', 'd0000000-0000-0000-0000-000000000037', 'a0000000-0000-0000-0000-000000000003', 'b0000000-0000-0000-0000-000000000004', 'Computer Science', 2024),
  ('c0000000-0000-0000-0000-00000000002a', 'd0000000-0000-0000-0000-000000000039', 'a0000000-0000-0000-0000-000000000003', 'b0000000-0000-0000-0000-000000000004', 'Computer Science', 2024);

-- ============================================================
-- ARTICULATION AGREEMENTS - De Anza to UC Davis CS
-- ============================================================
insert into articulation_agreements (cc_course_id, university_course_id, cc_institution_id, university_institution_id, major, effective_year) values
  ('c0000000-0000-0000-0000-000000000011', 'd0000000-0000-0000-0000-000000000040', 'a0000000-0000-0000-0000-000000000002', 'b0000000-0000-0000-0000-000000000007', 'Computer Science', 2024),
  ('c0000000-0000-0000-0000-000000000012', 'd0000000-0000-0000-0000-000000000041', 'a0000000-0000-0000-0000-000000000002', 'b0000000-0000-0000-0000-000000000007', 'Computer Science', 2024),
  ('c0000000-0000-0000-0000-000000000013', 'd0000000-0000-0000-0000-000000000042', 'a0000000-0000-0000-0000-000000000002', 'b0000000-0000-0000-0000-000000000007', 'Computer Science', 2024),
  ('c0000000-0000-0000-0000-000000000014', 'd0000000-0000-0000-0000-000000000045', 'a0000000-0000-0000-0000-000000000002', 'b0000000-0000-0000-0000-000000000007', 'Computer Science', 2024),
  ('c0000000-0000-0000-0000-000000000015', 'd0000000-0000-0000-0000-000000000046', 'a0000000-0000-0000-0000-000000000002', 'b0000000-0000-0000-0000-000000000007', 'Computer Science', 2024),
  ('c0000000-0000-0000-0000-000000000016', 'd0000000-0000-0000-0000-000000000047', 'a0000000-0000-0000-0000-000000000002', 'b0000000-0000-0000-0000-000000000007', 'Computer Science', 2024),
  ('c0000000-0000-0000-0000-000000000017', 'd0000000-0000-0000-0000-000000000048', 'a0000000-0000-0000-0000-000000000002', 'b0000000-0000-0000-0000-000000000007', 'Computer Science', 2024),
  ('c0000000-0000-0000-0000-000000000019', 'd0000000-0000-0000-0000-000000000049', 'a0000000-0000-0000-0000-000000000002', 'b0000000-0000-0000-0000-000000000007', 'Computer Science', 2024),
  ('c0000000-0000-0000-0000-00000000001a', 'd0000000-0000-0000-0000-00000000004a', 'a0000000-0000-0000-0000-000000000002', 'b0000000-0000-0000-0000-000000000007', 'Computer Science', 2024),
  ('c0000000-0000-0000-0000-00000000001b', 'd0000000-0000-0000-0000-000000000039', 'a0000000-0000-0000-0000-000000000002', 'b0000000-0000-0000-0000-000000000007', 'Computer Science', 2024);

-- ============================================================
-- ADDITIONAL ARTICULATION AGREEMENTS - Foothill/BCC to nearby universities
-- ============================================================

-- Foothill College -> SJSU Software Engineering
-- First add Foothill courses that are missing
insert into courses (id, institution_id, code, title, units, description) values
  ('c0000000-0000-0000-0000-000000000050', 'a0000000-0000-0000-0000-000000000004', 'CS 1A', 'Introduction to Programming Methodologies in Java', 5, 'Java programming fundamentals'),
  ('c0000000-0000-0000-0000-000000000051', 'a0000000-0000-0000-0000-000000000004', 'CS 1B', 'Data Structures and Abstractions in Java', 5, 'Advanced data structures'),
  ('c0000000-0000-0000-0000-000000000052', 'a0000000-0000-0000-0000-000000000004', 'MATH 1A', 'Single Variable Calculus', 5, 'Differential and integral calculus'),
  ('c0000000-0000-0000-0000-000000000053', 'a0000000-0000-0000-0000-000000000004', 'MATH 1B', 'Integration and Infinite Series', 5, 'Integration techniques'),
  ('c0000000-0000-0000-0000-000000000054', 'a0000000-0000-0000-0000-000000000004', 'PHYS 2A', 'Physics for Scientists and Engineers: Mechanics', 5, 'Classical mechanics');

insert into articulation_agreements (cc_course_id, university_course_id, cc_institution_id, university_institution_id, major, effective_year) values
  ('c0000000-0000-0000-0000-000000000050', 'd0000000-0000-0000-0000-000000000011', 'a0000000-0000-0000-0000-000000000004', 'b0000000-0000-0000-0000-000000000002', 'Software Engineering', 2024),
  ('c0000000-0000-0000-0000-000000000051', 'd0000000-0000-0000-0000-000000000012', 'a0000000-0000-0000-0000-000000000004', 'b0000000-0000-0000-0000-000000000002', 'Software Engineering', 2024),
  ('c0000000-0000-0000-0000-000000000052', 'd0000000-0000-0000-0000-000000000015', 'a0000000-0000-0000-0000-000000000004', 'b0000000-0000-0000-0000-000000000002', 'Software Engineering', 2024),
  ('c0000000-0000-0000-0000-000000000053', 'd0000000-0000-0000-0000-000000000016', 'a0000000-0000-0000-0000-000000000004', 'b0000000-0000-0000-0000-000000000002', 'Software Engineering', 2024),
  ('c0000000-0000-0000-0000-000000000054', 'd0000000-0000-0000-0000-00000000001a', 'a0000000-0000-0000-0000-000000000004', 'b0000000-0000-0000-0000-000000000002', 'Software Engineering', 2024);

-- Berkeley City College -> UC Berkeley EECS
insert into courses (id, institution_id, code, title, units, description) values
  ('c0000000-0000-0000-0000-000000000060', 'a0000000-0000-0000-0000-000000000005', 'CS 1', 'Introduction to Programming', 4, 'Programming fundamentals in Python'),
  ('c0000000-0000-0000-0000-000000000061', 'a0000000-0000-0000-0000-000000000005', 'MATH 1A', 'Calculus I', 4, 'Single variable calculus'),
  ('c0000000-0000-0000-0000-000000000062', 'a0000000-0000-0000-0000-000000000005', 'MATH 1B', 'Calculus II', 4, 'Integration and series');

insert into articulation_agreements (cc_course_id, university_course_id, cc_institution_id, university_institution_id, major, effective_year) values
  ('c0000000-0000-0000-0000-000000000060', 'd0000000-0000-0000-0000-000000000030', 'a0000000-0000-0000-0000-000000000005', 'b0000000-0000-0000-0000-000000000004', 'Electrical Engineering and Computer Sciences', 2024),
  ('c0000000-0000-0000-0000-000000000061', 'd0000000-0000-0000-0000-000000000033', 'a0000000-0000-0000-0000-000000000005', 'b0000000-0000-0000-0000-000000000004', 'Electrical Engineering and Computer Sciences', 2024),
  ('c0000000-0000-0000-0000-000000000062', 'd0000000-0000-0000-0000-000000000034', 'a0000000-0000-0000-0000-000000000005', 'b0000000-0000-0000-0000-000000000004', 'Electrical Engineering and Computer Sciences', 2024);

-- ============================================================
-- ADDITIONAL PREREQUISITES - UC Davis CS
-- ============================================================
insert into prerequisites (course_id, prerequisite_course_id) values
  ('d0000000-0000-0000-0000-000000000041', 'd0000000-0000-0000-0000-000000000040'),
  ('d0000000-0000-0000-0000-000000000042', 'd0000000-0000-0000-0000-000000000040'),
  ('d0000000-0000-0000-0000-000000000043', 'd0000000-0000-0000-0000-000000000040'),
  ('d0000000-0000-0000-0000-000000000044', 'd0000000-0000-0000-0000-000000000042'),
  ('d0000000-0000-0000-0000-000000000046', 'd0000000-0000-0000-0000-000000000045'),
  ('d0000000-0000-0000-0000-000000000047', 'd0000000-0000-0000-0000-000000000046'),
  ('d0000000-0000-0000-0000-00000000004a', 'd0000000-0000-0000-0000-000000000049');
