-- Migration 015: Chemistry major based on UC Transfer Pathways data
-- Participating UC campuses: Berkeley, Davis, Irvine, Los Angeles, Merced,
-- Riverside, San Diego, Santa Barbara, Santa Cruz
-- Major requirements covered: general chemistry, organic chemistry,
-- calculus-based physics, single variable calculus, multivariable calculus,
-- linear algebra, differential equations

-- ============================================================
-- COURSES - Chemistry Major (Santa Monica College)
-- ============================================================
insert into courses (id, institution_id, code, title, units, description) values
  ('g0000000-0000-0000-0000-000000000001', 'a0000000-0000-0000-0000-000000000001', 'CHEM 11', 'General Chemistry I', 5, 'Introductory chemical principles with laboratory'),
  ('g0000000-0000-0000-0000-000000000002', 'a0000000-0000-0000-0000-000000000001', 'CHEM 12', 'General Chemistry II', 5, 'Chemical equilibrium, thermodynamics, and kinetics with laboratory'),
  ('g0000000-0000-0000-0000-000000000003', 'a0000000-0000-0000-0000-000000000001', 'CHEM 13', 'General Chemistry III', 5, 'Electrochemistry, coordination chemistry, and spectroscopy with laboratory'),
  ('g0000000-0000-0000-0000-000000000004', 'a0000000-0000-0000-0000-000000000001', 'CHEM 21', 'Organic Chemistry I', 5, 'Structure, bonding, and reactions of organic compounds with laboratory'),
  ('g0000000-0000-0000-0000-000000000005', 'a0000000-0000-0000-0000-000000000001', 'CHEM 22', 'Organic Chemistry II', 5, 'Reaction mechanisms and spectroscopy with laboratory'),
  ('g0000000-0000-0000-0000-000000000006', 'a0000000-0000-0000-0000-000000000001', 'CHEM 23', 'Organic Chemistry III', 5, 'Advanced organic synthesis and analysis with laboratory'),
  ('g0000000-0000-0000-0000-000000000007', 'a0000000-0000-0000-0000-000000000001', 'PHYS 21', 'Physics for Scientists and Engineers I', 5, 'Mechanics and motion with laboratory'),
  ('g0000000-0000-0000-0000-000000000008', 'a0000000-0000-0000-0000-000000000001', 'PHYS 22', 'Physics for Scientists and Engineers II', 5, 'Electricity and magnetism with laboratory'),
  ('g0000000-0000-0000-0000-000000000009', 'a0000000-0000-0000-0000-000000000001', 'PHYS 23', 'Physics for Scientists and Engineers III', 5, 'Waves, optics, and modern physics with laboratory'),
  ('g0000000-0000-0000-0000-00000000000a', 'a0000000-0000-0000-0000-000000000001', 'MATH 28', 'Calculus I', 5, 'Limits, derivatives, and applications'),
  ('g0000000-0000-0000-0000-00000000000b', 'a0000000-0000-0000-0000-000000000001', 'MATH 29', 'Calculus II', 5, 'Integration, techniques, and applications'),
  ('g0000000-0000-0000-0000-00000000000c', 'a0000000-0000-0000-0000-000000000001', 'MATH 30', 'Calculus III', 5, 'Sequences, series, and advanced integration'),
  ('g0000000-0000-0000-0000-00000000000d', 'a0000000-0000-0000-0000-000000000001', 'MATH 32', 'Multivariable Calculus', 5, 'Vector calculus and partial derivatives'),
  ('g0000000-0000-0000-0000-00000000000e', 'a0000000-0000-0000-0000-000000000001', 'MATH 33', 'Linear Algebra', 3, 'Matrices, vector spaces, and linear transformations'),
  ('g0000000-0000-0000-0000-00000000000f', 'a0000000-0000-0000-0000-000000000001', 'MATH 34', 'Differential Equations', 3, 'First-order and linear differential equations');

-- ============================================================
-- COURSES - Chemistry Major (UCLA)
-- ============================================================
insert into courses (id, institution_id, code, title, units, description) values
  ('h0000000-0000-0000-0000-000000000001', 'b0000000-0000-0000-0000-000000000001', 'CHEM 20A', 'General Chemistry I', 5, 'Atomic structure, bonding, and stoichiometry'),
  ('h0000000-0000-0000-0000-000000000002', 'b0000000-0000-0000-0000-000000000001', 'CHEM 20B', 'General Chemistry II', 5, 'Thermochemistry, equilibrium, and kinetics'),
  ('h0000000-0000-0000-0000-000000000003', 'b0000000-0000-0000-0000-000000000001', 'CHEM 20C', 'General Chemistry III', 5, 'Electrochemistry, coordination chemistry, and nuclear chemistry'),
  ('h0000000-0000-0000-0000-000000000004', 'b0000000-0000-0000-0000-000000000001', 'CHEM 30A', 'Organic Chemistry I', 5, 'Structure, nomenclature, and reaction fundamentals'),
  ('h0000000-0000-0000-0000-000000000005', 'b0000000-0000-0000-0000-000000000001', 'CHEM 30B', 'Organic Chemistry II', 5, 'Mechanisms, synthesis, and spectroscopy'),
  ('h0000000-0000-0000-0000-000000000006', 'b0000000-0000-0000-0000-000000000001', 'CHEM 30C', 'Organic Chemistry III', 5, 'Advanced synthesis, polymers, and bioorganic chemistry'),
  ('h0000000-0000-0000-0000-000000000007', 'b0000000-0000-0000-0000-000000000001', 'PHYSICS 1A', 'Physics for Scientists and Engineers: Mechanics', 5, 'Mechanics, energy, momentum, and rotation'),
  ('h0000000-0000-0000-0000-000000000008', 'b0000000-0000-0000-0000-000000000001', 'PHYSICS 1B', 'Physics for Scientists and Engineers: Electricity and Magnetism', 5, 'Electric fields, circuits, and magnetism'),
  ('h0000000-0000-0000-0000-000000000009', 'b0000000-0000-0000-0000-000000000001', 'PHYSICS 1C', 'Physics for Scientists and Engineers: Waves, Optics, and Modern Physics', 5, 'Oscillations, waves, optics, and relativity'),
  ('h0000000-0000-0000-0000-00000000000a', 'b0000000-0000-0000-0000-000000000001', 'MATH 31A', 'Differential and Integral Calculus', 4, 'Limits, derivatives, and applications'),
  ('h0000000-0000-0000-0000-00000000000b', 'b0000000-0000-0000-0000-000000000001', 'MATH 31B', 'Integration and Infinite Series', 4, 'Techniques of integration and series'),
  ('h0000000-0000-0000-0000-00000000000c', 'b0000000-0000-0000-0000-000000000001', 'MATH 31C', 'Multivariable Calculus', 4, 'Vectors, partial derivatives, and multiple integration'),
  ('h0000000-0000-0000-0000-00000000000d', 'b0000000-0000-0000-0000-000000000001', 'MATH 32A', 'Linear Algebra', 4, 'Matrices, vector spaces, and linear transformations'),
  ('h0000000-0000-0000-0000-00000000000e', 'b0000000-0000-0000-0000-000000000001', 'MATH 33A', 'Differential Equations', 4, 'Ordinary differential equations and applications'),
  ('h0000000-0000-0000-0000-00000000000f', 'b0000000-0000-0000-0000-000000000001', 'MATH 33B', 'Differential Equations', 4, 'Systems, Laplace transforms, and advanced applications');

-- ============================================================
-- ARTICULATION AGREEMENTS - Santa Monica College to UCLA
-- Major: Chemistry | Effective year: 2024
-- ============================================================
insert into articulation_agreements (cc_course_id, university_course_id, cc_institution_id, university_institution_id, major, effective_year) values
  ('g0000000-0000-0000-0000-000000000001', 'h0000000-0000-0000-0000-000000000001', 'a0000000-0000-0000-0000-000000000001', 'b0000000-0000-0000-0000-000000000001', 'Chemistry', 2024),
  ('g0000000-0000-0000-0000-000000000002', 'h0000000-0000-0000-0000-000000000002', 'a0000000-0000-0000-0000-000000000001', 'b0000000-0000-0000-0000-000000000001', 'Chemistry', 2024),
  ('g0000000-0000-0000-0000-000000000003', 'h0000000-0000-0000-0000-000000000003', 'a0000000-0000-0000-0000-000000000001', 'b0000000-0000-0000-0000-000000000001', 'Chemistry', 2024),
  ('g0000000-0000-0000-0000-000000000004', 'h0000000-0000-0000-0000-000000000004', 'a0000000-0000-0000-0000-000000000001', 'b0000000-0000-0000-0000-000000000001', 'Chemistry', 2024),
  ('g0000000-0000-0000-0000-000000000005', 'h0000000-0000-0000-0000-000000000005', 'a0000000-0000-0000-0000-000000000001', 'b0000000-0000-0000-0000-000000000001', 'Chemistry', 2024),
  ('g0000000-0000-0000-0000-000000000006', 'h0000000-0000-0000-0000-000000000006', 'a0000000-0000-0000-0000-000000000001', 'b0000000-0000-0000-0000-000000000001', 'Chemistry', 2024),
  ('g0000000-0000-0000-0000-000000000007', 'h0000000-0000-0000-0000-000000000007', 'a0000000-0000-0000-0000-000000000001', 'b0000000-0000-0000-0000-000000000001', 'Chemistry', 2024),
  ('g0000000-0000-0000-0000-000000000008', 'h0000000-0000-0000-0000-000000000008', 'a0000000-0000-0000-0000-000000000001', 'b0000000-0000-0000-0000-000000000001', 'Chemistry', 2024),
  ('g0000000-0000-0000-0000-000000000009', 'h0000000-0000-0000-0000-000000000009', 'a0000000-0000-0000-0000-000000000001', 'b0000000-0000-0000-0000-000000000001', 'Chemistry', 2024),
  ('g0000000-0000-0000-0000-00000000000a', 'h0000000-0000-0000-0000-00000000000a', 'a0000000-0000-0000-0000-000000000001', 'b0000000-0000-0000-0000-000000000001', 'Chemistry', 2024),
  ('g0000000-0000-0000-0000-00000000000b', 'h0000000-0000-0000-0000-00000000000b', 'a0000000-0000-0000-0000-000000000001', 'b0000000-0000-0000-0000-000000000001', 'Chemistry', 2024),
  ('g0000000-0000-0000-0000-00000000000c', 'h0000000-0000-0000-0000-00000000000c', 'a0000000-0000-0000-0000-000000000001', 'b0000000-0000-0000-0000-000000000001', 'Chemistry', 2024),
  ('g0000000-0000-0000-0000-00000000000d', 'h0000000-0000-0000-0000-00000000000d', 'a0000000-0000-0000-0000-000000000001', 'b0000000-0000-0000-0000-000000000001', 'Chemistry', 2024),
  ('g0000000-0000-0000-0000-00000000000e', 'h0000000-0000-0000-0000-00000000000e', 'a0000000-0000-0000-0000-000000000001', 'b0000000-0000-0000-0000-000000000001', 'Chemistry', 2024),
  ('g0000000-0000-0000-0000-00000000000f', 'h0000000-0000-0000-0000-00000000000f', 'a0000000-0000-0000-0000-000000000001', 'b0000000-0000-0000-0000-000000000001', 'Chemistry', 2024);

-- ============================================================
-- PREREQUISITES
-- ============================================================
insert into prerequisites (course_id, prerequisite_course_id) values
  ('g0000000-0000-0000-0000-000000000002', 'g0000000-0000-0000-0000-000000000001'),
  ('g0000000-0000-0000-0000-000000000003', 'g0000000-0000-0000-0000-000000000002'),
  ('g0000000-0000-0000-0000-000000000004', 'g0000000-0000-0000-0000-000000000002'),
  ('g0000000-0000-0000-0000-000000000005', 'g0000000-0000-0000-0000-000000000004'),
  ('g0000000-0000-0000-0000-000000000006', 'g0000000-0000-0000-0000-000000000005'),
  ('g0000000-0000-0000-0000-000000000007', 'g0000000-0000-0000-0000-00000000000a'),
  ('g0000000-0000-0000-0000-000000000008', 'g0000000-0000-0000-0000-000000000007'),
  ('g0000000-0000-0000-0000-000000000008', 'g0000000-0000-0000-0000-00000000000b'),
  ('g0000000-0000-0000-0000-000000000009', 'g0000000-0000-0000-0000-000000000008'),
  ('g0000000-0000-0000-0000-000000000009', 'g0000000-0000-0000-0000-00000000000c'),
  ('g0000000-0000-0000-0000-00000000000b', 'g0000000-0000-0000-0000-00000000000a'),
  ('g0000000-0000-0000-0000-00000000000c', 'g0000000-0000-0000-0000-00000000000b'),
  ('g0000000-0000-0000-0000-00000000000d', 'g0000000-0000-0000-0000-00000000000c'),
  ('g0000000-0000-0000-0000-00000000000e', 'g0000000-0000-0000-0000-00000000000c'),
  ('g0000000-0000-0000-0000-00000000000f', 'g0000000-0000-0000-0000-00000000000d'),
  ('h0000000-0000-0000-0000-000000000002', 'h0000000-0000-0000-0000-000000000001'),
  ('h0000000-0000-0000-0000-000000000003', 'h0000000-0000-0000-0000-000000000002'),
  ('h0000000-0000-0000-0000-000000000004', 'h0000000-0000-0000-0000-000000000002'),
  ('h0000000-0000-0000-0000-000000000005', 'h0000000-0000-0000-0000-000000000004'),
  ('h0000000-0000-0000-0000-000000000006', 'h0000000-0000-0000-0000-000000000005'),
  ('h0000000-0000-0000-0000-000000000007', 'h0000000-0000-0000-0000-00000000000a'),
  ('h0000000-0000-0000-0000-000000000008', 'h0000000-0000-0000-0000-000000000007'),
  ('h0000000-0000-0000-0000-000000000008', 'h0000000-0000-0000-0000-00000000000b'),
  ('h0000000-0000-0000-0000-000000000009', 'h0000000-0000-0000-0000-000000000008'),
  ('h0000000-0000-0000-0000-000000000009', 'h0000000-0000-0000-0000-00000000000c'),
  ('h0000000-0000-0000-0000-00000000000b', 'h0000000-0000-0000-0000-00000000000a'),
  ('h0000000-0000-0000-0000-00000000000c', 'h0000000-0000-0000-0000-00000000000b'),
  ('h0000000-0000-0000-0000-00000000000d', 'h0000000-0000-0000-0000-00000000000c'),
  ('h0000000-0000-0000-0000-00000000000e', 'h0000000-0000-0000-0000-00000000000d'),
  ('h0000000-0000-0000-0000-00000000000f', 'h0000000-0000-0000-0000-00000000000d');
